{
  "config": {
    "target": "U",
    "distances": 0,
    "mol_edge_feat": 0,
    "rbf_K": 16,
    "rbf_cutoff": 5.0,
    "seed": 42,
    "epochs": 10,
    "early_stopping": 3,
    "batch_size": 128,
    "h_dim": 128,
    "num_layers": 2,
    "lr": 0.001,
    "m": 16,
    "w": 8,
    "reduce": "mean",
    "walk_type": "search",
    "n_splits": 1,
    "max_len": 29,
    "n_total": 130831,
    "pe_in_dim": 8,
    "pe_out_dim": 16,
    "y_mean": -11178.7353515625,
    "y_std": 1085.57275390625,
    "vocab": {
      "C": 0,
      "F": 1,
      "H": 2,
      "N": 3,
      "O": 4,
      "PAD": 5
    }
  },
  "splits": [
    {
      "split": 0,
      "epochs_run": 4,
      "best_valid_mae": 64.98155212402344,
      "test_mae": 64.75464630126953,
      "split_dt_sec": 1004.8867926597595,
      "epochs": [
        {
          "epoch": 0,
          "train_mse": 0.07444240054053464,
          "valid_mae": 64.98155212402344,
          "dt_sec": 238.94062781333923,
          "improved": true
        },
        {
          "epoch": 1,
          "train_mse": 0.006133934430128073,
          "valid_mae": 65.57049560546875,
          "dt_sec": 237.10065412521362,
          "improved": false
        },
        {
          "epoch": 2,
          "train_mse": 0.0041723726099718765,
          "valid_mae": 95.22657012939453,
          "dt_sec": 235.83466744422913,
          "improved": false
        },
        {
          "epoch": 3,
          "train_mse": 0.0016943108824778316,
          "valid_mae": 86.6312484741211,
          "dt_sec": 235.35645484924316,
          "improved": false
        }
      ]
    }
  ],
  "summary": {
    "mean_test_mae": 64.75464630126953,
    "std_test_mae": 0.0,
    "mean_valid_mae": 64.98155212402344,
    "total_wall_sec": 1004.9470202922821,
    "peak_gpu_mem_mb": 896.5302734375
  }
}