{
  "per_model_target_seed": {
    "rsnn_mu_seed42": 0.25554972887039185,
    "rsnn_mu_seed43": 0.26175278425216675,
    "rsnn_mu_seed44": 0.2570948302745819,
    "rsnn_alpha_seed42": 0.2050241082906723,
    "rsnn_alpha_seed43": 0.20465360581874847,
    "rsnn_alpha_seed44": 0.20694193243980408,
    "rsnn_homo_seed42": 0.05633058771491051,
    "rsnn_homo_seed43": 0.056693874299526215,
    "rsnn_homo_seed44": 0.057248055934906006,
    "rsnn_lumo_seed42": 0.058655817061662674,
    "rsnn_lumo_seed43": 0.057757340371608734,
    "rsnn_lumo_seed44": 0.05860951915383339,
    "rsnn_gap_seed42": 0.08676488697528839,
    "rsnn_gap_seed43": 0.08577600866556168,
    "rsnn_gap_seed44": 0.08838477730751038,
    "rsnn_R2_seed42": 12.237754821777344,
    "rsnn_R2_seed43": 11.840700149536133,
    "rsnn_R2_seed44": 12.593255996704102,
    "rsnn_zpve_seed42": 0.003705226816236973,
    "rsnn_zpve_seed43": 0.00377253582701087,
    "rsnn_zpve_seed44": 0.0037952859420329332,
    "rsnn_U0_seed42": 0.3451630175113678,
    "rsnn_U0_seed43": 0.3534240126609802,
    "rsnn_U0_seed44": 0.3187468945980072,
    "rsnn_U_seed42": 0.30493754148483276,
    "rsnn_U_seed43": 0.34301379323005676,
    "rsnn_U_seed44": 0.3105123043060303,
    "rsnn_H_seed42": 0.3252131938934326,
    "rsnn_H_seed43": 0.32696565985679626,
    "rsnn_H_seed44": 0.3394392430782318,
    "rsnn_G_seed42": 0.33420002460479736,
    "rsnn_G_seed43": 0.3357798457145691,
    "rsnn_G_seed44": 0.3164200186729431,
    "rsnn_Cv_seed42": 0.060158681124448776,
    "rsnn_Cv_seed43": 0.06005731597542763,
    "rsnn_Cv_seed44": 0.06018717214465141,
    "rwnn_mu_seed42": 0.5890534520149231,
    "rwnn_mu_seed43": 0.5987123250961304,
    "rwnn_mu_seed44": 0.5845999717712402,
    "rwnn_alpha_seed42": 0.9910872578620911,
    "rwnn_alpha_seed43": 0.9742653965950012,
    "rwnn_alpha_seed44": 0.9453340172767639,
    "rwnn_homo_seed42": 0.1362261027097702,
    "rwnn_homo_seed43": 0.13773693144321442,
    "rwnn_homo_seed44": 0.13764715194702148,
    "rwnn_lumo_seed42": 0.21052215993404388,
    "rwnn_lumo_seed43": 0.21115463972091675,
    "rwnn_lumo_seed44": 0.21205420792102814,
    "rwnn_gap_seed42": 0.23769859969615936,
    "rwnn_gap_seed43": 0.23504699766635895,
    "rwnn_gap_seed44": 0.23508433997631073,
    "rwnn_R2_seed42": 59.04362487792969,
    "rwnn_R2_seed43": 59.220558166503906,
    "rwnn_R2_seed44": 59.714691162109375,
    "rwnn_zpve_seed42": 0.025367774069309235,
    "rwnn_zpve_seed43": 0.02455449476838112,
    "rwnn_zpve_seed44": 0.024826448410749435,
    "rwnn_U0_seed42": 210.5072021484375,
    "rwnn_U0_seed43": 208.8622589111328,
    "rwnn_U0_seed44": 210.2067413330078,
    "rwnn_U_seed42": 217.3363494873047,
    "rwnn_U_seed43": 209.27395629882812,
    "rwnn_U_seed44": 205.32545471191406,
    "rwnn_H_seed42": 215.0963897705078,
    "rwnn_H_seed43": 194.21188354492188,
    "rwnn_H_seed44": 211.57904052734375,
    "rwnn_G_seed42": 203.6941680908203,
    "rwnn_G_seed43": 209.3979949951172,
    "rwnn_G_seed44": 205.53045654296875,
    "rwnn_Cv_seed42": 0.46031758189201355,
    "rwnn_Cv_seed43": 0.48785263299942017,
    "rwnn_Cv_seed44": 0.4705670177936554
  },
  "mean_std": {
    "rsnn_mu": {
      "mean": 0.2581324477990468,
      "std": 0.002636533280989664,
      "n": 3,
      "seeds": [
        0.25554972887039185,
        0.26175278425216675,
        0.2570948302745819
      ]
    },
    "rsnn_alpha": {
      "mean": 0.20553988218307495,
      "std": 0.0010028714481331669,
      "n": 3,
      "seeds": [
        0.2050241082906723,
        0.20465360581874847,
        0.20694193243980408
      ]
    },
    "rsnn_homo": {
      "mean": 0.05675750598311424,
      "std": 0.00037724768790332994,
      "n": 3,
      "seeds": [
        0.05633058771491051,
        0.056693874299526215,
        0.057248055934906006
      ]
    },
    "rsnn_lumo": {
      "mean": 0.0583408921957016,
      "std": 0.0004130661146587592,
      "n": 3,
      "seeds": [
        0.058655817061662674,
        0.057757340371608734,
        0.05860951915383339
      ]
    },
    "rsnn_gap": {
      "mean": 0.08697522431612015,
      "std": 0.0010753603441063673,
      "n": 3,
      "seeds": [
        0.08676488697528839,
        0.08577600866556168,
        0.08838477730751038
      ]
    },
    "rsnn_R2": {
      "mean": 12.22390365600586,
      "std": 0.3073857152087549,
      "n": 3,
      "seeds": [
        12.237754821777344,
        11.840700149536133,
        12.593255996704102
      ]
    },
    "rsnn_zpve": {
      "mean": 0.0037576828617602587,
      "std": 3.8237150062341696e-05,
      "n": 3,
      "seeds": [
        0.003705226816236973,
        0.00377253582701087,
        0.0037952859420329332
      ]
    },
    "rsnn_U0": {
      "mean": 0.3391113082567851,
      "std": 0.014789478646768769,
      "n": 3,
      "seeds": [
        0.3451630175113678,
        0.3534240126609802,
        0.3187468945980072
      ]
    },
    "rsnn_U": {
      "mean": 0.31948787967363995,
      "std": 0.01679029385540248,
      "n": 3,
      "seeds": [
        0.30493754148483276,
        0.34301379323005676,
        0.3105123043060303
      ]
    },
    "rsnn_H": {
      "mean": 0.3305393656094869,
      "std": 0.006333700785333014,
      "n": 3,
      "seeds": [
        0.3252131938934326,
        0.32696565985679626,
        0.3394392430782318
      ]
    },
    "rsnn_G": {
      "mean": 0.3287999629974365,
      "std": 0.008777669576559507,
      "n": 3,
      "seeds": [
        0.33420002460479736,
        0.3357798457145691,
        0.3164200186729431
      ]
    },
    "rsnn_Cv": {
      "mean": 0.06013438974817594,
      "std": 5.572677030111902e-05,
      "n": 3,
      "seeds": [
        0.060158681124448776,
        0.06005731597542763,
        0.06018717214465141
      ]
    },
    "rwnn_mu": {
      "mean": 0.5907885829607645,
      "std": 0.0058905369670937445,
      "n": 3,
      "seeds": [
        0.5890534520149231,
        0.5987123250961304,
        0.5845999717712402
      ]
    },
    "rwnn_alpha": {
      "mean": 0.970228890577952,
      "std": 0.01889549843452954,
      "n": 3,
      "seeds": [
        0.9910872578620911,
        0.9742653965950012,
        0.9453340172767639
      ]
    },
    "rwnn_homo": {
      "mean": 0.1372033953666687,
      "std": 0.0006920215759666067,
      "n": 3,
      "seeds": [
        0.1362261027097702,
        0.13773693144321442,
        0.13764715194702148
      ]
    },
    "rwnn_lumo": {
      "mean": 0.21124366919199625,
      "std": 0.0006286161752326286,
      "n": 3,
      "seeds": [
        0.21052215993404388,
        0.21115463972091675,
        0.21205420792102814
      ]
    },
    "rwnn_gap": {
      "mean": 0.23594331244627634,
      "std": 0.0012412691379470031,
      "n": 3,
      "seeds": [
        0.23769859969615936,
        0.23504699766635895,
        0.23508433997631073
      ]
    },
    "rwnn_R2": {
      "mean": 59.32629140218099,
      "std": 0.2839801956542539,
      "n": 3,
      "seeds": [
        59.04362487792969,
        59.220558166503906,
        59.714691162109375
      ]
    },
    "rwnn_zpve": {
      "mean": 0.024916239082813263,
      "std": 0.0003380360719625314,
      "n": 3,
      "seeds": [
        0.025367774069309235,
        0.02455449476838112,
        0.024826448410749435
      ]
    },
    "rwnn_U0": {
      "mean": 209.85873413085938,
      "std": 0.7152115412235245,
      "n": 3,
      "seeds": [
        210.5072021484375,
        208.8622589111328,
        210.2067413330078
      ]
    },
    "rwnn_U": {
      "mean": 210.64525349934897,
      "std": 4.998382427378792,
      "n": 3,
      "seeds": [
        217.3363494873047,
        209.27395629882812,
        205.32545471191406
      ]
    },
    "rwnn_H": {
      "mean": 206.96243794759116,
      "std": 9.129637254793433,
      "n": 3,
      "seeds": [
        215.0963897705078,
        194.21188354492188,
        211.57904052734375
      ]
    },
    "rwnn_G": {
      "mean": 206.2075398763021,