{
  "schema_version": 1,
  "target": "multi (gap + 11 others)",
  "units": "PyG QM9 native units (energies in eV via HARTREE_TO_EV)",
  "split_counts": {
    "train": 100000,
    "valid": 17748,
    "test": 13083
  },
  "split_hash_pyg_indices": {
    "train": "c7fba7cb427a12ca8ed7cf859555568ba11b7807e739966dd420fc34068ec062",
    "valid": "88da98f542d5f7b2ca6048b8a25d04e77794080e37d194ce6e470832cf96d14d",
    "test": "57cb7e37acad0bf8795922bd22bf786a404ef1083874c8b77cd6bb8f0abceb2c"
  },
  "pyg_cormorant": {
    "pyg_to_cormorant_offset": 1,
    "pyg_total": 130831,
    "cormorant_total": 130831,
    "bijection_verified": true
  },
  "normalization": {
    "gap": {
      "meann": 6.857935860100032,
      "MAD": 1.0757301639301389,
      "n_train": 100000,
      "formula": "meann = train.mean(); MAD = mean(|train - meann|)"
    },
    "mu": {
      "meann": 2.6746809756855017,
      "MAD": 1.1681162153933742,
      "n_train": 100000,
      "formula": "meann = train.mean(); MAD = mean(|train - meann|)"
    },
    "alpha": {
      "meann": 75.26605450292587,
      "MAD": 6.288199328145316,
      "n_train": 100000,
      "formula": "meann = train.mean(); MAD = mean(|train - meann|)"
    },
    "homo": {
      "meann": -6.536926620745659,
      "MAD": 0.44053983199025015,
      "n_train": 100000,
      "formula": "meann = train.mean(); MAD = mean(|train - meann|)"
    },
    "lumo": {
      "meann": 0.32101348014637593,
      "MAD": 1.0524941866204958,
      "n_train": 100000,
      "formula": "meann = train.mean(); MAD = mean(|train - meann|)"
    },
    "R2": {
      "meann": 1189.050585766182,
      "MAD": 202.33370686202665,
      "n_train": 100000,
      "formula": "meann = train.mean(); MAD = mean(|train - meann|)"
    },
    "r2": {
      "meann": 1189.050585766182,
      "MAD": 202.33370686202665,
      "n_train": 100000,
      "formula": "meann = train.mean(); MAD = mean(|train - meann|)"
    },
    "zpve": {
      "meann": 4.056452866283953,
      "MAD": 0.7166876015020643,
      "n_train": 100000,
      "formula": "meann = train.mean(); MAD = mean(|train - meann|)"
    },
    "U0": {
      "meann": -11181.258620844726,
      "MAD": 842.2398877052952,
      "n_train": 100000,
      "formula": "meann = train.mean(); MAD = mean(|train - meann|)"
    },
    "U": {
      "meann": -11181.028121925048,
      "MAD": 842.2363643303248,
      "n_train": 100000,
      "formula": "meann = train.mean(); MAD = mean(|train - meann|)"
    },
    "H": {
      "meann": -11181.00243097412,
      "MAD": 842.2363647555713,
      "n_train": 100000,
      "formula": "meann = train.mean(); MAD = mean(|train - meann|)"
    },
    "G": {
      "meann": -11182.167564250489,
      "MAD": 842.2492783374059,
      "n_train": 100000,
      "formula": "meann = train.mean(); MAD = mean(|train - meann|)"
    },
    "Cv": {
      "meann": 31.61868286962509,
      "MAD": 3.204343169032919,
      "n_train": 100000,
      "formula": "meann = train.mean(); MAD = mean(|train - meann|)"
    }
  },
  "egnn_baseline_runs": {
    "seed42": {
      "test_mae": 0.05152053890821994,
      "epochs_run": 93,
      "config": {
        "nf": 128,
        "n_layers": 7,
        "attention": 1,
        "epochs": 300
      }
    },
    "seed43": {
      "test_mae": 0.05177109533307121,
      "epochs_run": 95,
      "config": {
        "nf": 128,
        "n_layers": 7,
        "attention": 1,
        "epochs": 300
      }
    },
    "seed44": {
      "test_mae": 0.048039061902955815,
      "epochs_run": 295,
      "config": {
        "nf": 128,
        "n_layers": 7,
        "attention": 1,
        "epochs": 300
      }
    }
  }
}